{
  "chart": {
    "title": "Share of the population that is undernourished",
    "subtitle": "Share of individuals that have a daily food intake that is insufficient to provide the amount of dietary energy required to maintain a normal, active, and healthy life.",
    "note": "Countries and regions with rates below 2.5% are coded as \"2.5%\" in the FAO dataset.",
    "citation": "Food and Agriculture Organization of the United Nations (2023)",
    "originalChartUrl": "https://ourworldindata.org/grapher/prevalence-of-undernourishment?v=1&csvType=full&useColumnShortNames=false",
    "selection": [
      "World",
      "Sub-Saharan Africa (FAO)",
      "Southern Asia (FAO)",
      "South America (FAO)",
      "Northern Africa (FAO)",
      "Central Asia (FAO)",
      "South-eastern Asia (FAO)"
    ]
  },
  "columns": {
    "2.1.1 Prevalence of undernourishment | 000000000024000 || Value | 006121 || Percent": {
      "titleShort": "Share of people that are undernourished",
      "titleLong": "Share of people that are undernourished - FAO",
      "descriptionKey": [],
      "shortUnit": "%",
      "unit": "percent",
      "timespan": "2000-2022",
      "type": "Numeric",
      "owidVariableId": 833085,
      "shortName": "_2_1_1_prevalence_of_undernourishment__000000000024000__value__006121__percent",
      "lastUpdated": "2024-03-14",
      "nextUpdate": "2025-03-14",
      "citationShort": "Food and Agriculture Organization of the United Nations (2023) – with major processing by Our World in Data",
      "citationLong": "Food and Agriculture Organization of the United Nations (2023) – with major processing by Our World in Data. “Share of people that are undernourished – FAO” [dataset]. Food and Agriculture Organization of the United Nations, “SDG Indicators: SDG Indicators” [original data].",
      "fullMetadata": "https://api.ourworldindata.org/v1/indicators/833085.metadata.json"
    }
  },
  "dateDownloaded": "2025-03-10",
  "activeFilters": {}
}